<?xml version="1.0" encoding="UTF-8"?>
<project-private xmlns="http://www.netbeans.org/ns/project-private/1">
    <editor-bookmarks xmlns="http://www.netbeans.org/ns/editor-bookmarks/2" lastBookmarkId="0"/>
    <open-files xmlns="http://www.netbeans.org/ns/projectui-open-files/2">
        <group>
            <file>file:/Users/owner/Downloads/cs137-group29-master/EzPCzy2/public_html/CSS/sales.css</file>
            <file>file:/Users/owner/Downloads/cs137-group29-master/EzPCzy2/public_html/index.php</file>
            <file>file:/Users/owner/Downloads/cs137-group29-master/EzPCzy2/public_html/contactus.html</file>
            <file>file:/Users/owner/Downloads/cs137-group29-master/EzPCzy2/public_html/CSS/form.css</file>
            <file>file:/Users/owner/Downloads/cs137-group29-master/EzPCzy2/conf/php.ini</file>
            <file>file:/Users/owner/Downloads/cs137-group29-master/EzPCzy2/public_html/theteam.html</file>
            <file>file:/Users/owner/Downloads/cs137-group29-master/EzPCzy2/public_html/product.php</file>
            <file>file:/Users/owner/Downloads/cs137-group29-master/EzPCzy2/public_html/CSS/master.css</file>
        </group>
    </open-files>
</project-private>
